Alice,alice@gmail.com
Bob,bob@gmail.com
Charlie,charlie@outlook.com
David,david@yahoo.com
Eva,eva@gmail.com
Frank,frank@outlook.com
Grace,grace@yahoo.com
Hannah,hannah@aol.com
Isaac,isaac@gmail.com
Julia,julia@gmail.com
Kevin,kevin@outlook.com
Lena,lena@gmail.com
Michael,michael@outlook.com
Nina,nina@hotmail.com
Oscar,oscar@hotmail.com
Paul,paul@yahoo.com
Quinn,quinn@hotmail.com
Rachel,rachel@yahoo.com
Sam,sam@gmail.com
Tina,tina@gmail.com
